<?xml version="1.0" encoding="UTF-8"?>
<beans xmlns="http://www.springframework.org/schema/beans"
	xmlns:xsi="http://www.w3.org/2001/XMLSchema-instance"
	xmlns:context="http://www.springframework.org/schema/context"
	xmlns:mvc="http://www.springframework.org/schema/mvc"
	xsi:schemaLocation="  
        http://www.springframework.org/schema/beans  
        http://www.springframework.org/schema/beans/spring-beans.xsd  
        http://www.springframework.org/schema/context  
        http://www.springframework.org/schema/context/spring-context.xsd  
        http://www.springframework.org/schema/mvc  
        http://www.springframework.org/schema/mvc/spring-mvc.xsd">

	<context:component-scan base-package="com" />

	<!-- Spring Email Sender Bean Configuration -->
	<bean id="mailSender"
		class="org.springframework.mail.javamail.JavaMailSenderImpl">
		<property name="host" value="smtp.gmail.com" />
		<property name="username" value="indocosmohrmis@gmail.com" />
		<property name="password" value="indocosmo@123." />
		<property name="javaMailProperties">
			<props>
				<prop key="mail.smtp.auth">true</prop>
				<prop key="mail.smtp.socketFactory.port">465</prop>
				<prop key="mail.smtp.socketFactory.class">javax.net.ssl.SSLSocketFactory</prop>
				<prop key="mail.smtp.port">465</prop>
			</props>
		</property>
	</bean>





	<bean
		class="org.springframework.web.servlet.view.InternalResourceViewResolver">
		<property name="prefix" value="/WEB-INF/views/"></property>
		<property name="suffix" value=".jsp"></property>
	</bean>

	<bean id="multipartResolver"
		class="org.springframework.web.multipart.commons.CommonsMultipartResolver" />

	<bean id="ds"
		class="org.springframework.jdbc.datasource.DriverManagerDataSource">
		<property name="driverClassName"
			value="com.mysql.jdbc.Driver"></property>
		<property name="url"
			value="jdbc:mysql://localhost:3306/hrmis"></property>
		<property name="username" value="root"></property>
		<property name="password" value="root"></property>

		<!-- Maximum Upload Size In Bytes -->
		<!-- <property name="maxUploadSize" value="20971520" /> -->
		<!-- Maximum Size Of File In Memory (In Bytes) -->
		<!-- <property name="maxInMemorySize" value="1048576" /> -->

	</bean>
	
	<bean id="jt" class="org.springframework.jdbc.core.JdbcTemplate">
		<property name="dataSource" ref="ds"></property>
	</bean>

	<bean id="dao" class="com.indocosmo.hrmis.dao.EmployeeDAO">
		<property name="template" ref="jt"></property>
	</bean>

	<bean id="dao2" class="com.indocosmo.hrmis.dao.EducationDAO">
		<property name="template" ref="jt"></property>
	</bean>

	<bean id="dao3" class="com.indocosmo.hrmis.dao.ProfessionDAO">
		<property name="template" ref="jt"></property>
	</bean>

	<bean id="dao4" class="com.indocosmo.hrmis.dao.PersonalDAO">
		<property name="template" ref="jt"></property>
	</bean>

	<bean id="dao5" class="com.indocosmo.hrmis.dao.DesignationDAO">
		<property name="template" ref="jt"></property>
	</bean>

	<bean id="dao6" class="com.indocosmo.hrmis.dao.LocationDAO">
		<property name="template" ref="jt"></property>
	</bean>

	<bean id="dao7" class="com.indocosmo.hrmis.dao.LoginDAO">
		<property name="template" ref="jt"></property>
	</bean>

	<bean id="dao8" class="com.indocosmo.hrmis.dao.ClientDAO">
		<property name="template" ref="jt"></property>
	</bean>

	<bean id="dao9" class="com.indocosmo.hrmis.dao.LeaveTypeDAO">
		<property name="template" ref="jt"></property>
	</bean>

	<bean id="dao10" class="com.indocosmo.hrmis.dao.ApproverDAO">
		<property name="template" ref="jt"></property>
	</bean>

	<bean id="dao11"
		class="com.indocosmo.hrmis.dao.LeaveAllocationDAO">
		<property name="template" ref="jt"></property>
	</bean>

	<bean id="dao12" class="com.indocosmo.hrmis.dao.HolidayDAO">
		<property name="template" ref="jt"></property>
	</bean>

	<bean id="dao13" class="com.indocosmo.hrmis.dao.EmployeeLeaveDAO">
		<property name="template" ref="jt"></property>
	</bean>

	<bean id="dao14" class="com.indocosmo.hrmis.dao.AnnouncementDAO">
		<property name="template" ref="jt"></property>
	</bean>

	<bean id="dao15" class="com.indocosmo.hrmis.dao.WorkReportDAO">
		<property name="template" ref="jt"></property>
	</bean>
	
	<bean id="dao16" class="com.indocosmo.hrmis.dao.ClientProjectDAO">
		<property name="template" ref="jt"></property>
	</bean>
	
	<bean id="dao17" class="com.indocosmo.hrmis.dao.ProjectManagerDAO"> 
	     <property name="template" ref="jt"></property> 
	 </bean>
	 
	 <bean id="dao19" class="com.indocosmo.hrmis.dao.EmailDAO"> 
	     <property name="template" ref="jt"></property> 
	 </bean>
	 
	  <bean id="dao20" class="com.indocosmo.hrmis.dao.EmployeeprojectDAO"> 
	     <property name="template" ref="jt"></property> 
	 </bean>
	 
	<bean
		class="org.springframework.web.servlet.handler.SimpleMappingExceptionResolver">
		<property name="exceptionMappings">
			<props>
				<prop key="java.lang.Exception">error</prop>
			</props>
		</property>
	</bean>

	<mvc:resources mapping="/resources/**"
		location="/resources/" cache-period="31556926" />
	<mvc:annotation-driven />
</beans>
